{"Archer_Archer_Archer":1125.3535650878873,"Assassin_Assassin_Assassin":1135.6637213921033,"Druid_Druid_Druid":781.0284775448916,"Enchanter_Enchanter_Enchanter":831.1369892502994,"Paladin_Paladin_Paladin":843.4862774091545,"Sorcerer_Sorcerer_Sorcerer":831.582032817672,"Warrior_Warrior_Warrior":976.7367237075756,"Wizard_Wizard_Wizard":1032.8926498716894,"Assassin_Archer_Archer":1091.0823061991764,"Druid_Archer_Archer":1134.8674027911707,"Enchanter_Archer_Archer":1121.462059326042,"Paladin_Archer_Archer":1223.3701665638484,"Sorcerer_Archer_Archer":1041.9283395974865,"Warrior_Archer_Archer":1208.52016762026,"Wizard_Archer_Archer":1117.8833030396336,"Assassin_Assassin_Archer":1058.0053510886726,"Druid_Assassin_Assassin":1160.6310044326349,"Enchanter_Assassin_Assassin":1148.6925294476528,"Paladin_Assassin_Assassin":1232.9673422246847,"Sorcerer_Assassin_Assassin":1123.7565228985109,"Warrior_Assassin_Assassin":1220.7160647294006,"Wizard_Assassin_Assassin":1193.7329766996418,"Druid_Druid_Archer":1030.579539790014,"Druid_Druid_Assassin":1107.22512733248,"Enchanter_Druid_Druid":800.8883328664599,"Paladin_Druid_Druid":816.546178096479,"Sorcerer_Druid_Druid":805.0175481577564,"Warrior_Druid_Druid":797.7158691438888,"Wizard_Druid_Druid":817.0827550700027,"Enchanter_Enchanter_Archer":1016.633975297306,"Enchanter_Enchanter_Assassin":1075.3913807844017,"Enchanter_Enchanter_Druid":797.6460863930616,"Paladin_Enchanter_Enchanter":860.3571145891189,"Sorcerer_Enchanter_Enchanter":854.723631404459,"Warrior_Enchanter_Enchanter":963.553893435417,"Wizard_Enchanter_Enchanter":850.762658549844,"Paladin_Paladin_Archer":1147.5678908290267,"Paladin_Paladin_Assassin":1184.149279389152,"Paladin_Paladin_Druid":858.60037967408,"Paladin_Paladin_Enchanter":882.278212357274,"Sorcerer_Paladin_Paladin":816.6432890939914,"Warrior_Paladin_Paladin":845.3519459148903,"Wizard_Paladin_Paladin":863.1328317096422,"Sorcerer_Sorcerer_Archer":950.3168986603833,"Sorcerer_Sorcerer_Assassin":921.1682019671765,"Sorcerer_Sorcerer_Druid":787.7087584696675,"Sorcerer_Sorcerer_Enchanter":877.7430774049003,"Sorcerer_Sorcerer_Paladin":841.5666981013532,"Warrior_Sorcerer_Sorcerer":988.0287464224465,"Wizard_Sorcerer_Sorcerer":904.0166120018112,"Warrior_Warrior_Archer":1171.3807241861643,"Warrior_Warrior_Assassin":1203.7164052385804,"Warrior_Warrior_Druid":878.7301947254648,"Warrior_Warrior_Enchanter":1005.5098353541752,"Warrior_Warrior_Paladin":898.9526162190749,"Warrior_Warrior_Sorcerer":980.9760602036592,"Wizard_Warrior_Warrior":938.7417628557339,"Wizard_Wizard_Archer":1014.2965056536038,"Wizard_Wizard_Assassin":1076.9790906826017,"Wizard_Wizard_Druid":902.2491295559059,"Wizard_Wizard_Enchanter":963.5439985731804,"Wizard_Wizard_Paladin":870.7540833590433,"Wizard_Wizard_Sorcerer":928.5602800535609,"Wizard_Wizard_Warrior":968.5831419511513,"Druid_Assassin_Archer":1102.050343988604,"Enchanter_Assassin_Archer":1101.6063054326175,"Paladin_Assassin_Archer":1212.6031666053748,"Sorcerer_Assassin_Archer":983.28500734213,"Warrior_Assassin_Archer":1230.5392453618617,"Wizard_Assassin_Archer":1173.703091318278,"Enchanter_Druid_Archer":959.8255610879022,"Paladin_Druid_Archer":1057.2446680235064,"Sorcerer_Druid_Archer":1001.3422737351377,"Warrior_Druid_Archer":1060.5431658212415,"Wizard_Druid_Archer":1017.1639201924012,"Paladin_Enchanter_Archer":1079.8963650841763,"Sorcerer_Enchanter_Archer":1008.2804167119482,"Warrior_Enchanter_Archer":1135.9860049364618,"Wizard_Enchanter_Archer":1049.1336716537942,"Sorcerer_Paladin_Archer":1007.3183448552836,"Warrior_Paladin_Archer":1160.646710693858,"Wizard_Paladin_Archer":1126.626237251351,"Warrior_Sorcerer_Archer":1080.306793139198,"Wizard_Sorcerer_Archer":943.1088984005762,"Wizard_Warrior_Archer":1078.9411036493732,"Enchanter_Druid_Assassin":1069.6212175574133,"Paladin_Druid_Assassin":1163.8939095066753,"Sorcerer_Druid_Assassin":1024.6121491732385,"Warrior_Druid_Assassin":1166.038747066598,"Wizard_Druid_Assassin":1122.292860714306,"Paladin_Enchanter_Assassin":1138.159165704835,"Sorcerer_Enchanter_Assassin":1012.2759971287255,"Warrior_Enchanter_Assassin":1194.330207031137,"Wizard_Enchanter_Assassin":1101.796998165443,"Sorcerer_Paladin_Assassin":1157.7913219226336,"Warrior_Paladin_Assassin":1218.2099161226656,"Wizard_Paladin_Assassin":1176.7996501041919,"Warrior_Sorcerer_Assassin":1174.8330232247743,"Wizard_Sorcerer_Assassin":980.5699739878844,"Wizard_Warrior_Assassin":1192.043842965063,"Paladin_Enchanter_Druid":831.6680185502456,"Sorcerer_Enchanter_Druid":797.3912507089395,"Warrior_Enchanter_Druid":906.3821843741354,"Wizard_Enchanter_Druid":844.856262559743,"Sorcerer_Paladin_Druid":823.6737316520517,"Warrior_Paladin_Druid":826.5086015174785,"Wizard_Paladin_Druid":831.5500973358827,"Warrior_Sorcerer_Druid":879.9245816295913,"Wizard_Sorcerer_Druid":792.9697298257306,"Wizard_Warrior_Druid":836.8465238501868,"Sorcerer_Paladin_Enchanter":877.1120004095084,"Warrior_Paladin_Enchanter":915.7775970392203,"Wizard_Paladin_Enchanter":909.6308179165293,"Warrior_Sorcerer_Enchanter":982.1777389436409,"Wizard_Sorcerer_Enchanter":916.2187183398673,"Wizard_Warrior_Enchanter":973.6996072687025,"Warrior_Sorcerer_Paladin":957.7222127445048,"Wizard_Sorcerer_Paladin":873.0231643466716,"Wizard_Warrior_Paladin":870.8900859989338,"Wizard_Warrior_Sorcerer":987.6900840693021}