{"txu":1353.40307470007,"default":862.5936036291073,"mine":1048.0295456563283,"reference":650.9386101457953,"warrior_test":1085.035165868696}