{"Archer_Archer_Archer":1014.111949907662,"Assassin_Assassin_Assassin":1009.8633507406961,"Druid_Druid_Druid":975.0117483125362,"Enchanter_Enchanter_Enchanter":970.8347928232935,"Paladin_Paladin_Paladin":976.0586781095242,"Sorcerer_Sorcerer_Sorcerer":972.1275845461764,"Warrior_Warrior_Warrior":990.0416415874237,"Wizard_Wizard_Wizard":980.5115339027222,"Assassin_Archer_Archer":1000.277571592005,"Druid_Archer_Archer":1037.837988247869,"Enchanter_Archer_Archer":1028.1244768127574,"Paladin_Archer_Archer":1029.15402944972,"Sorcerer_Archer_Archer":1013.7531191685919,"Warrior_Archer_Archer":1033.8442462968949,"Wizard_Archer_Archer":1028.5646170472862,"Assassin_Assassin_Archer":1010.1668885536844,"Druid_Assassin_Assassin":1042.5335197439442,"Enchanter_Assassin_Assassin":1019.7812659163519,"Paladin_Assassin_Assassin":1028.0861917135421,"Sorcerer_Assassin_Assassin":1009.0299286590706,"Warrior_Assassin_Assassin":1030.2242856670266,"Wizard_Assassin_Assassin":1036.62462489466,"Druid_Druid_Archer":1018.4373910757396,"Druid_Druid_Assassin":995.9647918716406,"Enchanter_Druid_Druid":957.5081198907037,"Paladin_Druid_Druid":993.3656862351428,"Sorcerer_Druid_Druid":990.677513290954,"Warrior_Druid_Druid":967.2659805782416,"Wizard_Druid_Druid":949.4533528595244,"Enchanter_Enchanter_Archer":1005.3765334469549,"Enchanter_Enchanter_Assassin":1018.9560301293732,"Enchanter_Enchanter_Druid":948.9660844425307,"Paladin_Enchanter_Enchanter":981.9325547984436,"Sorcerer_Enchanter_Enchanter":971.9061337797621,"Warrior_Enchanter_Enchanter":1009.0307262556131,"Wizard_Enchanter_Enchanter":970.9404542424573,"Paladin_Paladin_Archer":1031.7076070035425,"Paladin_Paladin_Assassin":1046.7766521342417,"Paladin_Paladin_Druid":990.6372338870843,"Paladin_Paladin_Enchanter":1001.0428172298765,"Sorcerer_Paladin_Paladin":967.1209418841721,"Warrior_Paladin_Paladin":985.6277036087115,"Wizard_Paladin_Paladin":980.9115041495049,"Sorcerer_Sorcerer_Archer":985.3884526057558,"Sorcerer_Sorcerer_Assassin":977.6163685113784,"Sorcerer_Sorcerer_Druid":966.7186629689154,"Sorcerer_Sorcerer_Enchanter":980.5012213237632,"Sorcerer_Sorcerer_Paladin":958.4606159614046,"Warrior_Sorcerer_Sorcerer":972.5477761025865,"Wizard_Sorcerer_Sorcerer":989.004074729739,"Warrior_Warrior_Archer":1010.0648582458505,"Warrior_Warrior_Assassin":1029.0888159973144,"Warrior_Warrior_Druid":976.8492066365869,"Warrior_Warrior_Enchanter":1013.2949792418094,"Warrior_Warrior_Paladin":980.6169523825592,"Warrior_Warrior_Sorcerer":999.5359379661514,"Wizard_Warrior_Warrior":976.7278976223491,"Wizard_Wizard_Archer":987.2417404271237,"Wizard_Wizard_Assassin":1032.4313694913194,"Wizard_Wizard_Druid":981.2000062453374,"Wizard_Wizard_Enchanter":1003.4852070472415,"Wizard_Wizard_Paladin":959.2180617642798,"Wizard_Wizard_Sorcerer":990.3357403829358,"Wizard_Wizard_Warrior":999.5955443312067,"Druid_Assassin_Archer":1028.8165354673658,"Enchanter_Assassin_Archer":1018.376689322664,"Paladin_Assassin_Archer":1032.6522001760277,"Sorcerer_Assassin_Archer":1007.5369220729998,"Warrior_Assassin_Archer":1043.2866110864404,"Wizard_Assassin_Archer":1037.193879523593,"Enchanter_Druid_Archer":978.3075520878918,"Paladin_Druid_Archer":1005.032102136443,"Sorcerer_Druid_Archer":1009.6428982169224,"Warrior_Druid_Archer":1022.6940750199219,"Wizard_Druid_Archer":1000.2807345653412,"Paladin_Enchanter_Archer":1013.7107001515144,"Sorcerer_Enchanter_Archer":985.687719534357,"Warrior_Enchanter_Archer":1004.8036515316364,"Wizard_Enchanter_Archer":1014.9506817096071,"Sorcerer_Paladin_Archer":1013.5659414744521,"Warrior_Paladin_Archer":1042.5702484381754,"Wizard_Paladin_Archer":1023.3448260426879,"Warrior_Sorcerer_Archer":1009.5840156589311,"Wizard_Sorcerer_Archer":981.4706374690677,"Wizard_Warrior_Archer":1005.1296490930467,"Enchanter_Druid_Assassin":994.8757165380414,"Paladin_Druid_Assassin":1029.209575656083,"Sorcerer_Druid_Assassin":1023.3135974007997,"Warrior_Druid_Assassin":1029.015666065026,"Wizard_Druid_Assassin":1018.5470191440226,"Paladin_Enchanter_Assassin":1028.2843313966378,"Sorcerer_Enchanter_Assassin":995.5677656213016,"Warrior_Enchanter_Assassin":1038.1154076056007,"Wizard_Enchanter_Assassin":1014.2994127526204,"Sorcerer_Paladin_Assassin":1028.724533565217,"Warrior_Paladin_Assassin":1038.7965417712007,"Wizard_Paladin_Assassin":1037.0644272722068,"Warrior_Sorcerer_Assassin":1024.1821138128942,"Wizard_Sorcerer_Assassin":1004.8948258872089,"Wizard_Warrior_Assassin":1041.9564774571572,"Paladin_Enchanter_Druid":970.8931298503762,"Sorcerer_Enchanter_Druid":980.7620636327674,"Warrior_Enchanter_Druid":980.8782666010499,"Wizard_Enchanter_Druid":971.2906805944608,"Sorcerer_Paladin_Druid":970.4584414206388,"Warrior_Paladin_Druid":966.7373138193525,"Wizard_Paladin_Druid":962.1300454026774,"Warrior_Sorcerer_Druid":998.7387675005671,"Wizard_Sorcerer_Druid":949.6041173230442,"Wizard_Warrior_Druid":976.1391841323491,"Sorcerer_Paladin_Enchanter":975.9152814544434,"Warrior_Paladin_Enchanter":980.9109748363552,"Wizard_Paladin_Enchanter":999.7719560658076,"Warrior_Sorcerer_Enchanter":1000.4880145903217,"Wizard_Sorcerer_Enchanter":963.3584117366825,"Wizard_Warrior_Enchanter":985.9197379202826,"Warrior_Sorcerer_Paladin":971.7258270317742,"Wizard_Sorcerer_Paladin":975.7234679716836,"Wizard_Warrior_Paladin":990.3490981030446,"Wizard_Warrior_Sorcerer":1012.6262008139541}