{"txu":1273.8868819883496,"3Archers":1286.8593881691932,"wzy":1127.8959282825335,"mix":858.3188668166249,"liu_Warrior_Druid_Assassin":893.9266276823159,"3Ass":898.7434058193937,"liu_Warrior_Sorcerer_Archer":878.5541599706867,"liu_Warrior_Archer_Archer":907.3871768331255,"liu_Warrior_Paladin_Archer":874.4275644377774}