{"txu":1145.6883793461825,"3Ass":1020.0512909121051,"3Archers":1138.336470503529,"wzy":1123.2292062101342,"mix":1045.395671690535,"liu_Druid_Archer_Archer":984.3679487230775,"liu_Warrior_Archer_Archer":1005.381685763194,"liu_Druid_Druid_Archer":983.5849923387016,"liu_Warrior_Druid_Druid":978.8691878881127,"liu_Warrior_Warrior_Archer":957.6114962175972,"liu_Warrior_Warrior_Druid":939.3401914552434,"liu_Druid_Assassin_Archer":987.4618956203875,"liu_Warrior_Assassin_Archer":973.464476529297,"liu_Enchanter_Druid_Archer":978.6331932041359,"liu_Paladin_Druid_Archer":942.1478399304025,"liu_Sorcerer_Druid_Archer":967.7583872986932,"liu_Warrior_Druid_Archer":994.3874858920552,"liu_Wizard_Druid_Archer":969.762892770645,"liu_Warrior_Enchanter_Archer":975.7526986191629,"liu_Warrior_Paladin_Archer":1002.5095321443652,"liu_Warrior_Sorcerer_Archer":1013.4829268956228,"liu_Wizard_Warrior_Archer":960.5319553975797,"liu_Warrior_Druid_Assassin":1020.1108843280132,"liu_Warrior_Enchanter_Druid":982.0481170390804,"liu_Warrior_Paladin_Druid":981.3435090395199,"liu_Warrior_Sorcerer_Druid":958.4023791882207,"liu_Wizard_Warrior_Druid":970.3453050544072}