{"txu":1358.1620024100973,"default":861.4833713744724,"mine":1048.951751438425,"reference":649.084285954343,"warrior_test":1082.3185888226592}