{"txu":1292.5109236560754,"default":845.6081722521013,"mine":1061.1100652579607,"reference":715.4376447251971,"warrior_test":1085.3331941086665}