{"liu_Druid_Druid_Druid":970.1580066679857,"liu_Warrior_Warrior_Warrior":969.3177813774838,"liu_Druid_Archer_Archer":992.9285990643206,"liu_Warrior_Archer_Archer":987.9299384079355,"liu_Druid_Assassin_Assassin":1003.2414614609444,"liu_Warrior_Assassin_Assassin":988.922455554568,"liu_Druid_Druid_Archer":935.5417628062022,"liu_Druid_Druid_Assassin":951.5464526928598,"liu_Enchanter_Druid_Druid":984.9617390558068,"liu_Paladin_Druid_Druid":1005.7895091492022,"liu_Sorcerer_Druid_Druid":968.1889068564049,"liu_Warrior_Druid_Druid":1060.9566658207925,"liu_Wizard_Druid_Druid":1000.9231845377795,"liu_Enchanter_Enchanter_Druid":992.1541406644506,"liu_Warrior_Enchanter_Enchanter":977.4987921047292,"liu_Paladin_Paladin_Druid":1028.9728307317798,"liu_Warrior_Paladin_Paladin":980.81753707252,"liu_Sorcerer_Sorcerer_Druid":1016.3239824795171,"liu_Warrior_Sorcerer_Sorcerer":958.288863027045,"liu_Warrior_Warrior_Archer":986.4147395669298,"liu_Warrior_Warrior_Assassin":995.795743756427,"liu_Warrior_Warrior_Druid":993.7630986887846,"liu_Warrior_Warrior_Enchanter":973.3345722782944,"liu_Warrior_Warrior_Paladin":964.158231148368,"liu_Warrior_Warrior_Sorcerer":1013.974287807819,"liu_Wizard_Warrior_Warrior":974.9792869495321,"liu_Wizard_Wizard_Druid":962.2180722964391,"liu_Wizard_Wizard_Warrior":973.3260310463917,"liu_Druid_Assassin_Archer":1051.8736523229115,"liu_Warrior_Assassin_Archer":957.0821092842175,"liu_Enchanter_Druid_Archer":1034.594344745835,"liu_Paladin_Druid_Archer":1035.3887465148819,"liu_Sorcerer_Druid_Archer":980.7800462098339,"liu_Warrior_Druid_Archer":974.3728969196045,"liu_Wizard_Druid_Archer":966.7826828413373,"liu_Warrior_Enchanter_Archer":961.3838778625868,"liu_Warrior_Paladin_Archer":983.9541624215143,"liu_Warrior_Sorcerer_Archer":989.9184443105203,"liu_Wizard_Warrior_Archer":976.9641184272831,"liu_Enchanter_Druid_Assassin":983.7355870537992,"liu_Paladin_Druid_Assassin":996.157812837916,"liu_Sorcerer_Druid_Assassin":1002.6462995839045,"liu_Warrior_Druid_Assassin":966.7589586240686,"liu_Wizard_Druid_Assassin":1006.8608294081687,"liu_Warrior_Enchanter_Assassin":1013.3052798954006,"liu_Warrior_Paladin_Assassin":991.3188818691257,"liu_Warrior_Sorcerer_Assassin":1009.8153742536639,"liu_Wizard_Warrior_Assassin":1052.066451289461,"liu_Paladin_Enchanter_Druid":1037.7102409688755,"liu_Sorcerer_Enchanter_Druid":983.9285284667078,"liu_Warrior_Enchanter_Druid":1015.0870461423883,"liu_Wizard_Enchanter_Druid":972.0263665417783,"liu_Sorcerer_Paladin_Druid":959.5589181158227,"liu_Warrior_Paladin_Druid":971.6936552971725,"liu_Wizard_Paladin_Druid":976.2829706899756,"liu_Warrior_Sorcerer_Druid":1003.3147824745577,"liu_Wizard_Sorcerer_Druid":988.3215228185659,"liu_Wizard_Warrior_Druid":1001.9281722329191,"liu_Warrior_Paladin_Enchanter":980.8774642369223,"liu_Warrior_Sorcerer_Enchanter":1021.5679922936334,"liu_Wizard_Warrior_Enchanter":1026.2167066177576,"liu_Warrior_Sorcerer_Paladin":984.6720605233697,"liu_Wizard_Warrior_Paladin":998.9880115891156,"liu_Wizard_Warrior_Sorcerer":994.7958879249172,"txu":1222.01444304685,"3Ass":1079.4290277840266,"3Archers":1233.3989724872947}