{"txu":1199.2119603395452,"3Ass":772.371626685222,"3Archers":1241.4590361491003,"wzy":786.9573768261318}