{"Warrior_Warrior_Warrior":1065.4716417875486,"Warrior_Archer_Archer":1111.2394653553508,"Warrior_Assassin_Assassin":1135.9599234089048,"Warrior_Druid_Druid":806.3714906335457,"Warrior_Enchanter_Enchanter":898.2645623935043,"Warrior_Paladin_Paladin":829.6356561014175,"Warrior_Sorcerer_Sorcerer":899.672381792229,"Warrior_Warrior_Archer":1144.0041261347562,"Warrior_Warrior_Assassin":1123.0444924434535,"Warrior_Warrior_Druid":938.4794240772276,"Warrior_Warrior_Enchanter":963.1931736335117,"Warrior_Warrior_Paladin":934.9075983665185,"Warrior_Warrior_Sorcerer":1032.6826103328874,"Wizard_Warrior_Warrior":998.9022658593218,"Wizard_Wizard_Warrior":978.9130043972007,"Warrior_Assassin_Archer":1150.321512209129,"Warrior_Druid_Archer":1055.0624524983707,"Warrior_Enchanter_Archer":1031.7453171396892,"Warrior_Paladin_Archer":1099.3144400046358,"Warrior_Sorcerer_Archer":1005.9591290309228,"Wizard_Warrior_Archer":993.7852342177613,"Warrior_Druid_Assassin":1045.2475521599713,"Warrior_Enchanter_Assassin":1048.547948303711,"Warrior_Paladin_Assassin":1075.3930072977228,"Warrior_Sorcerer_Assassin":1044.3606793301863,"Wizard_Warrior_Assassin":1128.0205999891705,"Warrior_Enchanter_Druid":907.9403852773345,"Warrior_Paladin_Druid":874.9631272984362,"Warrior_Sorcerer_Druid":909.2888457771951,"Wizard_Warrior_Druid":914.3677153654793,"Warrior_Paladin_Enchanter":949.002374075124,"Warrior_Sorcerer_Enchanter":963.9960016473789,"Wizard_Warrior_Enchanter":952.907672843574,"Warrior_Sorcerer_Paladin":897.237118506182,"Wizard_Warrior_Paladin":825.1244727029838,"Wizard_Warrior_Sorcerer":967.4620559885633,"txu":1183.3964170521476,"default":986.6594176458512,"mine":1071.3596555700374,"reference":1018.6124085995738,"warrior_test":1039.182642751491}