{"txu":1166.4044772551522,"3Ass":821.6540911978822,"3Archers":1220.9460330437807,"wzy":1111.8139332134929,"mix":755.3150816754138,"new3Archers":1075.5614124657395,"liu_Warrior_Druid_Assassin":994.4790986270488,"liu_Warrior_Sorcerer_Archer":905.3676973824541,"liu_Warrior_Archer_Archer":1080.0335363976512,"liu_Warrior_Paladin_Archer":972.5654935728958,"liu_Warrior_Warrior_Warrior":895.8591451684907}