{"Archer_Archer_Archer":1288.1392316272472,"Assassin_Assassin_Assassin":1354.6153462841987,"Druid_Druid_Druid":514.8051013433903,"Enchanter_Enchanter_Enchanter":599.6659797931663,"Paladin_Paladin_Paladin":582.4147033295404,"Sorcerer_Sorcerer_Sorcerer":519.5372411831693,"Warrior_Warrior_Warrior":987.8800625149725,"Wizard_Wizard_Wizard":1139.1270254404596,"Assassin_Archer_Archer":1189.8014466618467,"Druid_Archer_Archer":1298.0285960532083,"Enchanter_Archer_Archer":1263.0440674762203,"Paladin_Archer_Archer":1539.3624509617393,"Sorcerer_Archer_Archer":1055.9439158201428,"Warrior_Archer_Archer":1556.8851453111768,"Wizard_Archer_Archer":1347.7011606846415,"Assassin_Assassin_Archer":1187.8161632339052,"Druid_Assassin_Assassin":1431.0725486200124,"Enchanter_Assassin_Assassin":1431.1397296463979,"Paladin_Assassin_Assassin":1599.8528364307776,"Sorcerer_Assassin_Assassin":1224.6450687007873,"Warrior_Assassin_Assassin":1609.47742992559,"Wizard_Assassin_Assassin":1464.8020893679993,"Druid_Druid_Archer":1011.864484708646,"Druid_Druid_Assassin":1174.6404400995493,"Enchanter_Druid_Druid":543.2290055946852,"Paladin_Druid_Druid":543.8651947613428,"Sorcerer_Druid_Druid":454.808369919228,"Warrior_Druid_Druid":528.2390411409722,"Wizard_Druid_Druid":581.7657927999786,"Enchanter_Enchanter_Archer":993.2806825437199,"Enchanter_Enchanter_Assassin":1147.7585262093244,"Enchanter_Enchanter_Druid":510.77514175344237,"Paladin_Enchanter_Enchanter":747.6686696070781,"Sorcerer_Enchanter_Enchanter":525.091873894126,"Warrior_Enchanter_Enchanter":834.4671454646282,"Wizard_Enchanter_Enchanter":679.7253601056594,"Paladin_Paladin_Archer":1275.9725523116697,"Paladin_Paladin_Assassin":1498.6442031273677,"Paladin_Paladin_Druid":653.8945753203575,"Paladin_Paladin_Enchanter":749.1745767134663,"Sorcerer_Paladin_Paladin":511.6446045716766,"Warrior_Paladin_Paladin":627.2102702588074,"Wizard_Paladin_Paladin":604.7207649881301,"Sorcerer_Sorcerer_Archer":814.4837057613238,"Sorcerer_Sorcerer_Assassin":924.4950993575223,"Sorcerer_Sorcerer_Druid":435.18059295005634,"Sorcerer_Sorcerer_Enchanter":679.8901062990084,"Sorcerer_Sorcerer_Paladin":534.8185177195829,"Warrior_Sorcerer_Sorcerer":904.5399042755033,"Wizard_Sorcerer_Sorcerer":734.8058530331969,"Warrior_Warrior_Archer":1443.3511582913507,"Warrior_Warrior_Assassin":1590.2286572451037,"Warrior_Warrior_Druid":757.5676793772573,"Warrior_Warrior_Enchanter":972.2493500215359,"Warrior_Warrior_Paladin":745.861178304741,"Warrior_Warrior_Sorcerer":981.5061726866567,"Wizard_Warrior_Warrior":864.5938560264533,"Wizard_Wizard_Archer":1120.5160841546378,"Wizard_Wizard_Assassin":1307.0358180224234,"Wizard_Wizard_Druid":760.048158175226,"Wizard_Wizard_Enchanter":869.8361197195612,"Wizard_Wizard_Paladin":775.7354750089302,"Wizard_Wizard_Sorcerer":882.2098149980811,"Wizard_Wizard_Warrior":924.9292188283811,"Druid_Assassin_Archer":1267.3928289224673,"Enchanter_Assassin_Archer":1256.2042213512257,"Paladin_Assassin_Archer":1473.5276054435496,"Sorcerer_Assassin_Archer":1018.4918123803135,"Warrior_Assassin_Archer":1625.792561094625,"Wizard_Assassin_Archer":1310.5375067815912,"Enchanter_Druid_Archer":1018.5378892996428,"Paladin_Druid_Archer":1124.2239491767803,"Sorcerer_Druid_Archer":981.0536976245894,"Warrior_Druid_Archer":1210.2490088745503,"Wizard_Druid_Archer":1061.4902265790322,"Paladin_Enchanter_Archer":1221.814773771189,"Sorcerer_Enchanter_Archer":940.9714956220571,"Warrior_Enchanter_Archer":1251.8880684277801,"Wizard_Enchanter_Archer":1052.1642121242082,"Sorcerer_Paladin_Archer":1115.10862807084,"Warrior_Paladin_Archer":1370.5071213833976,"Wizard_Paladin_Archer":1227.1763937591877,"Warrior_Sorcerer_Archer":1143.6992659681016,"Wizard_Sorcerer_Archer":958.0861938451001,"Wizard_Warrior_Archer":1219.140446442742,"Enchanter_Druid_Assassin":1233.246479650117,"Paladin_Druid_Assassin":1324.668808506963,"Sorcerer_Druid_Assassin":1109.126603978918,"Warrior_Druid_Assassin":1447.9282921170495,"Wizard_Druid_Assassin":1291.5448165171833,"Paladin_Enchanter_Assassin":1356.8519947922275,"Sorcerer_Enchanter_Assassin":1070.3528170809068,"Warrior_Enchanter_Assassin":1476.465594239128,"Wizard_Enchanter_Assassin":1156.3085325675236,"Sorcerer_Paladin_Assassin":1322.5960347197229,"Warrior_Paladin_Assassin":1550.33094161483,"Wizard_Paladin_Assassin":1449.1716814734696,"Warrior_Sorcerer_Assassin":1347.324069288338,"Wizard_Sorcerer_Assassin":1025.840168242695,"Wizard_Warrior_Assassin":1468.5307482763249,"Paladin_Enchanter_Druid":696.5799145812038,"Sorcerer_Enchanter_Druid":489.79927044570184,"Warrior_Enchanter_Druid":750.3714590056503,"Wizard_Enchanter_Druid":594.4965686870406,"Sorcerer_Paladin_Druid":517.5967850086113,"Warrior_Paladin_Druid":580.9902043980877,"Wizard_Paladin_Druid":580.0704585719961,"Warrior_Sorcerer_Druid":726.6672106404686,"Wizard_Sorcerer_Druid":589.8082661905344,"Wizard_Warrior_Druid":662.0568057182228,"Sorcerer_Paladin_Enchanter":748.3745406966473,"Warrior_Paladin_Enchanter":791.627200689409,"Wizard_Paladin_Enchanter":782.7977234543202,"Warrior_Sorcerer_Enchanter":924.4585603134661,"Wizard_Sorcerer_Enchanter":812.1542618366138,"Wizard_Warrior_Enchanter":873.1334481084949,"Warrior_Sorcerer_Paladin":796.6793750290517,"Wizard_Sorcerer_Paladin":646.8262157232189,"Wizard_Warrior_Paladin":699.8486132740437,"Wizard_Warrior_Sorcerer":849.2364910578672}